TR Period,TR Start Date,TR End Date,Country/Region,Digital Content Provider Requests Received,Requests Objected in Part or Rejected in Full,Requests where Data Provided,Percentage of Requests where Data Provided
2022 H1,1/1/22,6/30/22,China mainland,10,2,4,40%
2022 H1,1/1/22,6/30/22,Hong Kong,2,1,1,50%
2022 H1,1/1/22,6/30/22,Japan,1,0,1,100%
2022 H1,1/1/22,6/30/22,Singapore,2,1,0,0%
2022 H1,1/1/22,6/30/22,Taiwan,1,0,1,100%
2022 H1,1/1/22,6/30/22,Austria,1,0,1,100%
2022 H1,1/1/22,6/30/22,France,2,0,1,50%
2022 H1,1/1/22,6/30/22,Germany,3,0,3,100%
2022 H1,1/1/22,6/30/22,Hungary,1,1,0,0%
2022 H1,1/1/22,6/30/22,India,1,1,0,0%
2022 H1,1/1/22,6/30/22,Poland,2,1,1,50%
2022 H1,1/1/22,6/30/22,Türkiye,1,1,0,0%
2022 H1,1/1/22,6/30/22,Brazil,1,0,1,100%
2022 H1,1/1/22,6/30/22,United States of America,12,0,12,100%